Symbol,ProductDescription,StopMode,StopPct,BrokerTrailPct,Notes
AGQ,Leveraged Silver,peak_stop,12,,
DRAM,VanEck Vectors Semiconductor DRAM ETF,peak_stop,8,,
ITB,iShares U.S. Home Construction ETF,peak_stop,8,,
LIT,Global Lithium & Battery Tech ETF,peak_stop,8,,
NASA,Tema Space Innovators ETF,peak_stop,8,,
NLR,VANECK ETF TRUST URANIUM AND NUCL,peak_stop,4,,
QTUM,Defiance Quantum ETF,peak_stop,8,,
REMX,Rare Earths,peak_stop,4,,
SMH,Semiconductors,peak_stop,7,,
SOXL,Direxion Daily Semiconductor Bull 3X Shares,peak_stop,12,,
TQQQ,Leveraged Nasdaq 100,peak_stop,10,,
UGL,Leveraged Gold,peak_stop,12,,
VGT,Vanguard Information Technology ETF,peak_stop,5,,
VOO,Vanguard S&P 500 ETF,peak_stop,4,,
VOX,Vanguard Communication Services ETF,peak_stop,5,,
XLB,Materials,peak_stop,5,,
XLC,Communications,peak_stop,5,,
XLE,Energy,peak_stop,5,,
XLF,Financials,peak_stop,5,,
XLI,Industrials,peak_stop,5,,
XLK,Tech,peak_stop,5,,
XLP,Consumer Staples,peak_stop,5,,
XLU,Utilities,peak_stop,5,,
XLV,Health Care,peak_stop,5,,
XLY,Consumer Discretionary,peak_stop,5,,
